world_rank,university_name,country,teaching,research,citations,income,total_score,num_students,student_staff_ratio,international_students,year
2,California Institute of Technology,United States of America,97.7,98,99.9,83.7,96,"2,243",6.9,27%,2011
3,Massachusetts Institute of Technology,United States of America,97.8,91.4,99.9,87.5,95.6,"11,074",9,33%,2011
4,Stanford University,United States of America,98.3,98.1,99.2,64.3,94.3,"15,596",7.8,22%,2011
6,University of Cambridge,United Kingdom,90.5,94.1,94,57,91.2,"18,812",11.8,34%,2011
6,University of Oxford,United Kingdom,88.2,93.9,95.1,73.5,91.2,"19,919",11.6,34%,2011
9,Imperial College London,United Kingdom,89.2,94.5,88.3,92.9,90.6,"15,060",11.7,51%,2011
13,Johns Hopkins University,United States of America,80.9,89.2,92.3,100,86.4,"15,128",3.6,23%,2011
14,Cornell University,United States of America,82.2,88.8,88.1,34.7,83.9,"21,424",10.2,19%,2011
15,University of Michigan,United States of America,83.9,89.1,84.1,59.6,83.4,"41,786",9,16%,2011
19,University of Pennsylvania,United States of America,71.8,82.7,93.6,43.7,79.5,"20,376",6.5,20%,2011
20,Carnegie Mellon University,United States of America,70.3,79.3,95.7,53.7,79.3,"11,885",13.1,35%,2011
21,University of Hong Kong,Hong Kong,68.4,71.4,96.1,56.5,79.2,"19,835",17.6,38%,2011
22,University College London,United Kingdom,74,81.6,80.6,39,78.4,"26,607",10.7,46%,2011
23,University of Washington,United States of America,68.2,77.1,95.9,32.8,78,"44,020",11.8,13%,2011
24,Duke University,United States of America,66.8,71.5,92.3,100,76.5,"15,172",4.8,17%,2011
27,Georgia Institute of Technology,United States of America,67.9,72.6,83.2,95.1,75.3,"19,967",20.1,26%,2011
28,Pohang University of Science and Technology,South Korea,69.5,62.5,96.5,100,75.1,"3,055",10.1,4%,2011
29,"University of California, Santa Barbara",United States of America,56.6,68,98.8,89.8,75,"22,020",27.3,11%,2011
30,University of British Columbia,Canada,65.1,74.8,80.3,42.6,73.8,"50,152",17.6,25%,2011
30,University of North Carolina at Chapel Hill,United States of America,70.9,75.1,85,50.2,73.8,"26,518",7.3,8%,2011
32,"University of California, San Diego",United States of America,59.8,76.3,90.8,51.8,73.2,"27,233",6.5,11%,2011
34,National University of Singapore,Singapore,65.5,72.6,78.7,40.5,72.9,"31,592",15.5,34%,2011
36,University of Melbourne,Australia,58.7,69.2,83.3,47.7,71,"40,128",23.7,35%,2011
40,University of Edinburgh,United Kingdom,59.9,61.9,86.8,42.2,69.2,"25,774",14.1,36%,2011
42,École Normale Supérieure,France,66.8,48.2,95.7,30.7,68.6,"2,400",7.9,20%,2011
43,Karolinska Institute,Sweden,65.8,72.7,62.3,73.3,67,"7,774",11.5,22%,2011
43,University of Göttingen,Germany,57.3,55.9,92.5,31.7,67,"25,581",25.6,12%,2011
47,Rice University,United States of America,57.4,50.6,99.1,29.2,66.9,"6,333",9,26%,2011
48,École Polytechnique Fédérale de Lausanne,Switzerland,55,56.1,83.8,38,66.5,"9,666",10.5,54%,2011
51,Vanderbilt University,United States of America,64.9,59.5,78.1,84.2,65.9,"12,161",3.6,10%,2011
54,"University of California, Davis",United States of America,57.3,70.7,68.8,48,65,"35,364",13.9,13%,2011
56,University of Massachusetts,United States of America,61.3,72.6,67.9,53.9,64.7,"56,959",13,11%,2011
58,Tsinghua University,China,74.9,66.6,52.7,97.8,64.2,"39,763",13.7,10%,2011
59,Boston University,United States of America,53.6,51.9,91.4,29.6,64,"24,789",8.6,17%,2011
61,LMU Munich,Germany,59.1,57.5,76.4,40.4,63,"35,691",15.5,13%,2011
64,University of Pittsburgh,United States of America,58.5,58.3,78.3,37.9,62.7,"26,485",5.8,10%,2011
68,University of Bristol,United Kingdom,49.6,53.1,80.9,36.2,61.4,"17,906",14,25%,2011
71,University of Sydney,Australia,49.8,61.9,64.3,90.8,61.2,"41,868",20.2,28%,2011
73,University of Adelaide,Australia,46.5,38.8,90.5,52.7,60.7,"20,771",30.1,26%,2011
76,Trinity College Dublin,Republic of Ireland,47.7,45.3,84.4,31.6,60.3,"15,521",18,25%,2011
77,King’s College London,United Kingdom,48.5,54.5,72.1,44.1,59.7,"21,394",11.4,37%,2011
79,Korea Advanced Institute of Science and Technology (KAIST),South Korea,71.3,63.4,45.5,100,59.5,"9,027",10,9%,2011
79,University of Sussex,United Kingdom,42.4,42.4,91.6,29.1,59.5,"12,001",17.4,35%,2011
81,The University of Queensland,Australia,51.8,53.4,69,57.1,59.1,"34,718",32.7,27%,2011
83,Heidelberg University,Germany,59.2,47.5,70.3,39.1,59,"28,881",24.5,17%,2011
85,Durham University,United Kingdom,39.8,44.1,91,33.9,58.9,"15,489",15.7,24%,2011
87,University of Manchester,United Kingdom,56.5,56.2,59.2,39,58,"34,938",15.3,34%,2011
88,"Royal Holloway, University of London",United Kingdom,37.7,36.2,93.2,30.5,57.9,"8,747",15.9,37%,2011
90,University of Southampton,United Kingdom,50.8,47.8,72.9,37.7,57.7,"20,925",13.5,29%,2011
90,University of Zurich,Switzerland,56.6,47,65,43.8,57.7,"26,583",6.5,19%,2011
95,University of Arizona,United States of America,52.4,52.2,70.1,84.2,57.3,"36,429",12.7,8%,2011
95,University of Basel,Switzerland,50.2,37.1,78.3,45.8,57.3,"12,551",17.3,24%,2011
100,École Normale Supérieure de Lyon,France,51.1,34.4,88.8,26.1,57,"2,218",8,14%,2011
102,University of Helsinki,Finland,49,51.4,75.4,30.2,56.6,"23,505",15.1,6%,2011
103,University of St Andrews,United Kingdom,44.8,47.7,72.9,32.6,56.5,"8,338",12.7,47%,2011
107,National Tsing Hua University,Taiwan,52.2,52.6,66.9,50.2,56.1,"10,221",13.5,5%,2011
109,Pennsylvania State University,United States of America,46.3,49.2,77.6,44,56,"44,501",12.4,12%,2011
111,Hong Kong Baptist University,Hong Kong,32.9,32.5,97.6,26.7,55.6,"10,441",11,25%,2011
112,Tokyo Institute of Technology,Japan,62.9,63.4,45.5,60.5,55.4,"9,586",7.3,13%,2011
114,Eindhoven University of Technology,Netherlands,55.4,51.7,56.9,99.8,55.3,"8,176",16,14%,2011
115,National Taiwan University,Taiwan,50.3,59,61.6,35.7,55.2,"31,891",11.9,7%,2011
117,"University of California, Riverside",United States of America,38.6,47.4,78.3,30.5,55.1,"20,626",22,12%,2011
118,University of Geneva,Switzerland,46.6,49.7,63.1,32.7,55,"15,668",15,39%,2011
119,KU Leuven,Belgium,57.7,62.9,45.2,97.7,54.8,"42,503",41.9,18%,2011
120,Nanjing University,China,52.2,46.2,66,43.4,54.6,"29,743",13.3,10%,2011
120,Queen Mary University of London,United Kingdom,39.7,44.1,73.5,38.9,54.6,"14,260",14,40%,2011
122,Technical University of Denmark,Denmark,46.2,46.9,64.6,95.5,54.5,"9,990",5,18%,2011
124,Ghent University,Belgium,52.8,59.1,52.8,97.1,54.4,"32,166",34.1,9%,2011
124,Lancaster University,United Kingdom,43.5,41.9,74.9,28.8,54.4,"11,512",14.9,33%,2011
124,Leiden University,Netherlands,47.3,54.9,59.3,100,54.4,"21,222",17.1,10%,2011
127,University of Alberta,Canada,53.7,58,49.7,44.5,54.3,"36,299",21.6,23%,2011
128,University of Glasgow,United Kingdom,45.6,50.3,65.1,61,54.2,"22,616",16,29%,2011
129,Stockholm University,Sweden,36.9,49.2,75.9,31.7,54,"31,715",23.7,8%,2011
130,Osaka University,Japan,61.7,63.4,40,73.4,53.4,"23,144",7.8,9%,2011
130,University of Victoria,Canada,32.9,48.3,79.1,27.4,53.4,"17,581",21.5,11%,2011
132,Tohoku University,Japan,60.3,62.5,41.2,82.3,53.3,"17,200",5,7%,2011
132,University of Freiburg,Germany,52.4,41.4,64.3,79.8,53.3,"26,467",31.2,16%,2011
135,University of Bergen,Norway,39.9,42.1,73.1,41.5,52.7,"11,623",11.1,12%,2011
137,University of Sheffield,United Kingdom,48.9,49.2,58.4,40.3,52.5,"23,311",15.5,31%,2011
139,VU University Amsterdam,Netherlands,47.6,51.6,58.5,81.4,52.3,"23,280",16.3,6%,2011
140,Pierre and Marie Curie University,France,51.9,37.2,71.5,26.4,52.2,"27,862",8.7,18%,2011
140,University of Dundee,United Kingdom,34.1,41,79.3,49.3,52.2,"11,628",15.3,25%,2011
142,University of Barcelona,Spain,34.1,33.7,91.9,30,52.1,"47,491",12.2,10%,2011
143,Utrecht University,Netherlands,43.4,53,58.8,55.3,52,"30,779",15.4,7%,2011
145,University of Auckland,New Zealand,34.8,39.2,71.8,61.1,51.8,"29,787",18.9,28%,2011
145,University of Birmingham,United Kingdom,50.3,50.7,52.1,34.8,51.8,"25,295",16.4,23%,2011
147,Alexandria University,Egypt,29.5,28,99.8,36,51.6,"127,431",23.3,1%,2011
147,Uppsala University,Sweden,49.6,62.2,40.7,39.5,51.6,"25,266",18.2,12%,2011
149,Hong Kong Polytechnic University,Hong Kong,39.4,45.7,62.4,57.2,51.4,"22,064",25.9,26%,2011
149,University of Aberdeen,United Kingdom,37.8,45.2,64.6,47,51.4,"12,938",15.8,33%,2011
151,Delft University of Technology,Netherlands,55.5,67.7,29,99.4,51.3,"15,920",19.4,25%,2011
152,"Birkbeck, University of London",United Kingdom,41.2,35.8,70.6,27.4,51.2,"9,454",17.2,38%,2011
152,Newcastle University,United Kingdom,42.7,42.8,63.6,31.1,51.2,"20,174",15.2,29%,2011
152,University of New South Wales,Australia,49.5,48.9,51.2,60,51.2,"38,309",25.9,33%,2011
155,Pompeu Fabra University,Spain,35,33,84.7,40,51.1,"10,901",18.3,13%,2011
156,Iowa State University,United States of America,49.3,49.6,58.2,49.6,51,"29,991",17.4,11%,2011
159,University of Delaware,United States of America,38.4,51.9,61.3,100,50.4,"19,262",15.9,10%,2011
163,National Sun Yat-Sen University,Taiwan,46.1,50.6,58.9,37.5,50.2,"9,336",19.6,4%,2011
165,University of Amsterdam,Netherlands,42.5,49.2,60.2,38.8,50,"24,570",14.4,11%,2011
165,University of Liverpool,United Kingdom,40.8,47.8,59.6,40.6,50,"18,815",13.6,30%,2011
1,California Institute of Technology,United States of America,95.7,98.2,99.9,97,94.8,"2,243",6.9,27%,2012
2,Stanford University,United States of America,94.8,98.9,99.8,63.8,93.9,"15,596",7.8,22%,2012
4,University of Oxford,United Kingdom,89.5,96.6,97.9,62.1,93.6,"19,919",11.6,34%,2012
5,Princeton University,United States of America,91.5,99.1,100,81,92.9,"7,929",8.4,27%,2012
6,University of Cambridge,United Kingdom,90.5,94.2,97.3,55.5,92.4,"18,812",11.8,34%,2012
7,Massachusetts Institute of Technology,United States of America,92.7,87.4,100,94.4,92.3,"11,074",9,33%,2012
8,Imperial College London,United Kingdom,88.8,88.7,93.9,93.1,90.7,"15,060",11.7,51%,2012
10,"University of California, Berkeley",United States of America,82.8,99.4,99.4,62.5,89.8,"36,186",16.4,15%,2012
11,Yale University,United States of America,92.3,91.2,96.7,34.7,89.1,"11,751",4.4,20%,2012
14,Johns Hopkins University,United States of America,78.9,86.5,97.3,100,85.8,"15,128",3.6,23%,2012
16,University of Pennsylvania,United States of America,87,86.1,97.9,41.9,84.9,"20,376",6.5,20%,2012
17,University College London,United Kingdom,77.8,84.3,89,41.4,83.2,"26,607",10.7,46%,2012
18,University of Michigan,United States of America,75.4,90,94.3,53.3,82.8,"41,786",9,16%,2012
21,Carnegie Mellon University,United States of America,65.7,79.5,97.4,60.7,78.4,"11,885",13.1,35%,2012
22,Duke University,United States of America,62.6,77.9,97.4,100,77.4,"15,172",4.8,17%,2012
22,University of British Columbia,Canada,68.6,78.6,85.2,40.6,77.4,"50,152",17.6,25%,2012
24,Georgia Institute of Technology,United States of America,66.6,73.8,91.9,99.2,77,"19,967",20.1,26%,2012
25,University of Washington,United States of America,70.8,74,98.2,31.8,76.5,"44,020",11.8,13%,2012
26,Northwestern University,United States of America,66.3,75.5,98.6,56.6,76.2,"18,334",13.8,15%,2012
27,University of Wisconsin-Madison,United States of America,74.3,77.3,90.6,55.3,75.8,"39,655",10.8,11%,2012
28,McGill University,Canada,72.8,78.4,77.1,35.1,75.5,"31,326",13.7,23%,2012
29,University of Texas at Austin,United States of America,69.5,76.1,89.6,57.7,74.9,"49,427",17.4,9%,2012
32,Karolinska Institute,Sweden,69.9,73.8,73.1,78.5,73.1,"7,774",11.5,22%,2012
33,"University of California, San Diego",United States of America,61.4,72,97.8,51.8,73,"27,233",6.5,11%,2012
34,University of Hong Kong,Hong Kong,74,80.1,60.5,64.1,72.3,"19,835",17.6,38%,2012
35,"University of California, Santa Barbara",United States of America,55,65.3,99.9,85,72.1,"22,020",27.3,11%,2012
36,University of Edinburgh,United Kingdom,63,61.4,92.3,41.3,72,"25,774",14.1,36%,2012
37,University of Melbourne,Australia,62.2,72.4,80.7,44.4,71.9,"40,128",23.7,35%,2012
38,Australian National University,Australia,62.8,75.1,72.6,41.7,71.2,"14,604",19.2,35%,2012
38,"University of California, Davis",United States of America,68,68.7,83.4,52.5,71.2,"35,364",13.9,13%,2012
40,National University of Singapore,Singapore,65.7,79,63.4,60.7,70.9,"31,592",15.5,34%,2012
43,University of North Carolina at Chapel Hill,United States of America,67.6,62.6,92.6,35.5,69.3,"26,518",7.3,8%,2012
44,New York University,United States of America,60.2,65.4,92.3,30.9,69,"42,056",6.8,19%,2012
45,LMU Munich,Germany,63.8,59.9,84.6,40.7,67.6,"35,691",15.5,13%,2012
46,École Polytechnique Fédérale de Lausanne,Switzerland,53.1,43.9,95.3,46.7,66.3,"9,666",10.5,54%,2012
48,University of Manchester,United Kingdom,59,61.1,75.6,37.7,65.7,"34,938",15.3,34%,2012
51,Pennsylvania State University,United States of America,53.5,66.7,83.4,61.6,64.9,"44,501",12.4,12%,2012
53,Pohang University of Science and Technology,South Korea,56.4,51.9,92.3,100,64.6,"3,055",10.1,4%,2012
54,Boston University,United States of America,60.7,46.2,95.6,27.6,64.2,"24,789",8.6,17%,2012
55,University of Southern California,United States of America,65.8,48.7,80.2,99.3,64,"36,534",12.9,20%,2012
56,King’s College London,United Kingdom,49.8,54.2,80.9,40.8,63.2,"21,394",11.4,37%,2012
57,Ohio State University,United States of America,61.8,56.2,77.5,49.9,63,"51,462",13.4,12%,2012
58,University of Sydney,Australia,55.4,65.7,57.2,92.1,62.4,"41,868",20.2,28%,2012
59,University of Pittsburgh,United States of America,54.3,53.9,88.7,37.5,62,"26,485",5.8,10%,2012
59,École Normale Supérieure,France,56.6,33.5,96.4,44.7,62,"2,400",7.9,20%,2012
61,University of Zurich,Switzerland,56.7,45.9,78.4,43.5,61.9,"26,583",6.5,19%,2012
63,École Polytechnique,France,50.4,38.8,89.1,63,61.5,"2,429",4.8,30%,2012
64,University of Massachusetts,United States of America,54,58.3,80.1,53.2,61.1,"56,959",13,11%,2012
65,McMaster University,Canada,41.9,49.9,85.5,97.5,61,"23,823",19.3,15%,2012
66,University of Bristol,United Kingdom,44.2,47.7,89.9,34.8,60.9,"17,906",14,25%,2012
67,KU Leuven,Belgium,52.5,64.7,63,99.9,60.8,"42,503",41.9,18%,2012
68,Utrecht University,Netherlands,42.8,53.2,85.7,59.3,60.4,"30,779",15.4,7%,2012
69,University of Göttingen,Germany,51.4,50.9,84.1,32.7,60.3,"25,581",25.6,12%,2012
70,Vanderbilt University,United States of America,52.1,47.6,86.8,64.4,59.6,"12,161",3.6,10%,2012
71,Tsinghua University,China,74.1,70.1,37.4,99.8,59.5,"39,763",13.7,10%,2012
72,Rice University,United States of America,45.9,38,99.9,36.2,59,"6,333",9,26%,2012
73,Heidelberg University,Germany,57.1,41.5,78.5,37.6,58.7,"28,881",24.5,17%,2012
74,The University of Queensland,Australia,47.5,52.3,70.2,62.6,58.6,"34,718",32.7,27%,2012
75,Emory University,United States of America,48.4,39.8,90.9,34.4,57.4,"12,338",4.5,18%,2012
75,Wageningen University and Research Center,Netherlands,50.1,47.6,66.3,100,57.4,"9,248",17,21%,2012
77,Tufts University,United States of America,45.8,37.4,94.5,35.4,57.3,"10,410",10,14%,2012
79,Leiden University,Netherlands,45.4,55.3,71.7,48.6,57,"21,222",17.1,10%,2012
81,University of Rochester,United States of America,47,33.5,94.5,36.4,56.8,"9,390",4.5,26%,2012
83,Durham University,United Kingdom,32.5,37.9,96.2,30.5,56.4,"15,489",15.7,24%,2012
84,Pierre and Marie Curie University,France,56.3,30.5,81.1,26.2,56,"27,862",8.7,18%,2012
85,University of St Andrews,United Kingdom,37.1,40.2,83,34.1,55.7,"8,338",12.7,47%,2012
86,"University of California, Irvine",United States of America,36.2,42.3,93.5,45.6,55.4,"26,614",16.1,16%,2012
87,Uppsala University,Sweden,47.2,65.1,53.3,43.4,55.2,"25,266",18.2,12%,2012
88,Technical University of Munich,Germany,50,37.1,76.3,47.2,55.1,"35,565",31.5,20%,2012
89,University of Notre Dame,United States of America,42.6,36.2,94.1,27.3,55,"11,829",13.8,10%,2012
91,University of Helsinki,Finland,39.3,54.2,75.1,28.9,54.8,"23,505",15.1,6%,2012
92,University of Amsterdam,Netherlands,41.7,54.7,68.3,42.5,54.7,"24,570",14.4,11%,2012
94,Korea Advanced Institute of Science and Technology (KAIST),South Korea,64.2,54.6,47.1,100,54.5,"9,027",10,9%,2012
94,"University of Maryland, College Park",United States of America,41.1,43.6,85.8,28.5,54.5,"31,331",8.4,9%,2012
96,Michigan State University,United States of America,47.4,49.6,73.6,28,54.4,"44,750",15.7,15%,2012
97,University of Arizona,United States of America,45.1,43,78.3,86,54.2,"36,429",12.7,8%,2012
99,University of Sussex,United Kingdom,30.6,34.8,92,28.1,53.9,"12,001",17.4,35%,2012
100,University of Alberta,Canada,50.6,54.4,51.7,53.7,53.7,"36,299",21.6,23%,2012
101,University of Sheffield,United Kingdom,44.6,46,67.5,40.2,53.6,"23,311",15.5,31%,2012
102,University of Glasgow,United Kingdom,37.5,41,77.5,61.4,53.4,"22,616",16,29%,2012
103,University of Cape Town,South Africa,34.3,41.1,75.3,97.5,53.2,"20,040",12.1,18%,2012
104,Delft University of Technology,Netherlands,53.5,66.1,31.2,100,53.1,"15,920",19.4,25%,2012
104,University of Montreal,Canada,54.5,47,48.7,81.3,53.1,"38,264",20.3,25%,2012
106,Ghent University,Belgium,41.1,52.2,63.4,97.8,53,"32,166",34.1,9%,2012
107,"Royal Holloway, University of London",United Kingdom,28.6,24.1,98.2,25.9,52.9,"8,747",15.9,37%,2012
108,Tokyo Institute of Technology,Japan,56,58.9,49.5,66.3,52.8,"9,586",7.3,13%,2012
110,"University of California, Santa Cruz",United States of America,28.5,36.6,99.9,29.5,52.5,"17,404",22.7,1%,2012
111,University of Basel,Switzerland,38.9,21.9,86,48.6,52.2,"12,551",17.3,24%,2012
112,University of Bern,Switzerland,43,34.6,73.5,38.2,52.1,"14,708",22.5,14%,2012
114,Stony Brook University,United States of America,37.7,28.7,88.3,29.2,51.4,"21,908",10.9,24%,2012
115,Eindhoven University of Technology,Netherlands,35.6,48,62.1,100,51.3,"8,176",16,14%,2012
117,Monash University,Australia,40.5,48.5,57.1,62.2,51.1,"50,882",40.5,36%,2012
117,Trinity College Dublin,Republic of Ireland,30.3,23.5,91.7,29.7,51.1,"15,521",18,25%,2012
119,Osaka University,Japan,61.8,56.5,40,75,51,"23,144",7.8,9%,2012
120,Tohoku University,Japan,57.7,55.7,42.9,78.9,50.8,"17,200",5,7%,2012
121,Hebrew University of Jerusalem,Israel,47.7,56.4,48.4,25,50.4,"17,612",10.7,5%,2012
125,Aarhus University,Denmark,30.7,49,64,67,50,"23,895",13.6,14%,2012
127,Arizona State University,United States of America,38.2,39,80.3,28.7,49.9,"83,236",29.9,9%,2012
127,Queen Mary University of London,United Kingdom,29,28.6,83.7,36.6,49.9,"14,260",14,40%,2012
127,University of Southampton,United Kingdom,35.6,35.5,72.5,39.3,49.9,"20,925",13.5,29%,2012
130,University of Geneva,Switzerland,34.9,39,65.1,32.7,49.8,"15,668",15,39%,2012
1,California Institute of Technology,United States of America,96.3,99.4,99.7,95.6,95.5,"2,243",6.9,27%,2013
2,Stanford University,United States of America,95,98.8,99.3,62.4,93.7,"15,596",7.8,22%,2013
2,University of Oxford,United Kingdom,89.7,98.1,95.6,79.8,93.7,"19,919",11.6,34%,2013
5,Massachusetts Institute of Technology,United States of America,92.9,89.2,99.9,92.9,93.1,"11,074",9,33%,2013
6,Princeton University,United States of America,89.5,99.4,99.8,79.5,92.7,"7,929",8.4,27%,2013
7,University of Cambridge,United Kingdom,91.2,95.6,96.2,59.1,92.6,"18,812",11.8,34%,2013
8,Imperial College London,United Kingdom,88,90.9,93,87.5,90.6,"15,060",11.7,51%,2013
9,"University of California, Berkeley",United States of America,85.1,99.3,99.3,65.4,90.5,"36,186",16.4,15%,2013
11,Yale University,United States of America,93.2,92.5,94.8,38.2,89.2,"11,751",4.4,20%,2013
15,University of Pennsylvania,United States of America,90,89.4,96.2,43.7,86.6,"20,376",6.5,20%,2013
16,Johns Hopkins University,United States of America,81.8,85.5,95.3,100,85.6,"15,128",3.6,23%,2013
17,University College London,United Kingdom,83.5,88.8,86.8,45.1,85.5,"26,607",10.7,46%,2013
18,Cornell University,United States of America,77,92.1,91.8,39.5,83.3,"21,424",10.2,19%,2013
19,Northwestern University,United States of America,77.6,87.3,98.2,64.4,83.1,"18,334",13.8,15%,2013
20,University of Michigan,United States of America,76.1,91.4,91.6,53.9,82.6,"41,786",9,16%,2013
22,Carnegie Mellon University,United States of America,71.8,87,95.5,55.9,81.5,"11,885",13.1,35%,2013
23,Duke University,United States of America,72.3,81.5,97,100,81.2,"15,172",4.8,17%,2013
24,University of Washington,United States of America,74.7,81.3,97,41.3,79.9,"44,020",11.8,13%,2013
25,Georgia Institute of Technology,United States of America,70.2,79.5,90.3,74.9,78.8,"19,967",20.1,26%,2013
25,University of Texas at Austin,United States of America,75.5,80.7,91,57.9,78.8,"49,427",17.4,9%,2013
28,University of Melbourne,Australia,68.4,82.5,83.7,67.6,77.9,"40,128",23.7,35%,2013
29,National University of Singapore,Singapore,74.4,87.2,67.2,77.4,77.5,"31,592",15.5,34%,2013
30,University of British Columbia,Canada,69.1,80.4,84,42.4,77.3,"50,152",17.6,25%,2013
31,University of Wisconsin-Madison,United States of America,76.1,80.1,88.2,54.8,76.9,"39,655",10.8,11%,2013
32,University of Edinburgh,United Kingdom,68.4,71.3,90.8,43.8,76.1,"25,774",14.1,36%,2013
34,McGill University,Canada,74.4,80.4,75.2,40.3,75.7,"31,326",13.7,23%,2013
35,"University of California, Santa Barbara",United States of America,56.1,73.5,99.4,100,75.6,"22,020",27.3,11%,2013
35,University of Hong Kong,Hong Kong,78.4,85.9,62.1,62.5,75.6,"19,835",17.6,38%,2013
37,Australian National University,Australia,68.6,83.5,73.5,39.6,75.4,"14,604",19.2,35%,2013
38,"University of California, San Diego",United States of America,63.4,79,96.2,43.9,75.2,"27,233",6.5,11%,2013
40,École Polytechnique Fédérale de Lausanne,Switzerland,62.4,57,95,49.8,73,"9,666",10.5,54%,2013
41,New York University,United States of America,73.8,67.4,89.2,29.5,72.8,"42,056",6.8,19%,2013
42,Karolinska Institute,Sweden,66.3,75.7,77.3,71.4,72.4,"7,774",11.5,22%,2013
42,University of North Carolina at Chapel Hill,United States of America,70.4,69.3,90.1,40,72.4,"26,518",7.3,8%,2013
44,"University of California, Davis",United States of America,67.9,71.6,82.7,52.5,71.8,"35,364",13.9,13%,2013
48,LMU Munich,Germany,65.4,66.5,85.5,42,70.4,"35,691",15.5,13%,2013
49,University of Manchester,United Kingdom,65.9,67.7,76.9,43.2,70.1,"34,938",15.3,34%,2013
50,Pohang University of Science and Technology,South Korea,63.9,63.9,88.2,100,69.4,"3,055",10.1,4%,2013
52,Tsinghua University,China,74.5,76.4,55.2,99.2,67.1,"39,763",13.7,10%,2013
53,Ohio State University,United States of America,66.7,60.9,80.1,49.5,67,"51,462",13.4,12%,2013
54,Boston University,United States of America,65.4,50.9,94.2,30.6,66.8,"24,789",8.6,17%,2013
56,University of Southern California,United States of America,68.4,57.1,81.9,33.5,66.3,"36,534",12.9,20%,2013
57,King’s College London,United Kingdom,53.5,59.3,82.8,42.4,66.2,"21,394",11.4,37%,2013
58,KU Leuven,Belgium,59.7,71,67.2,99.7,66.1,"42,503",41.9,18%,2013
59,École Normale Supérieure,France,61.6,46.9,90.3,47.2,65.9,"2,400",7.9,20%,2013
61,Pennsylvania State University,United States of America,55,69.2,81.4,59.7,65.8,"44,501",12.4,12%,2013
62,University of Sydney,Australia,59.5,70.1,62.9,69.2,65.7,"41,868",20.2,28%,2013
62,École Polytechnique,France,56.5,54.7,80.7,75.8,65.7,"2,429",4.8,30%,2013
64,Leiden University,Netherlands,54,67.1,78.4,46.1,65.1,"21,222",17.1,10%,2013
65,The University of Queensland,Australia,54.4,66.1,69.6,64,64.4,"34,718",32.7,27%,2013
67,Utrecht University,Netherlands,48,64.7,82.4,82.6,64.1,"30,779",15.4,7%,2013
68,Korea Advanced Institute of Science and Technology (KAIST),South Korea,69.9,68.9,58.4,100,64,"9,027",10,9%,2013
70,University of Göttingen,Germany,50,52.5,92.5,34.4,63.2,"25,581",25.6,12%,2013
70,Wageningen University and Research Center,Netherlands,54.9,53.7,73.8,100,63.2,"9,248",17,21%,2013
72,Erasmus University Rotterdam,Netherlands,44.5,64.1,80.2,62,62.9,"20,580",18.9,18%,2013
72,University of Massachusetts,United States of America,57.1,62.6,77.8,52.8,62.9,"56,959",13,11%,2013
74,University of Bristol,United Kingdom,50.1,51.7,85.4,38.7,62.5,"17,906",14,25%,2013
75,Rice University,United States of America,49.5,39.3,100,36.5,62,"6,333",9,26%,2013
76,University of Pittsburgh,United States of America,54.6,55.1,85.2,39.3,61.7,"26,485",5.8,10%,2013
77,Delft University of Technology,Netherlands,59.9,75.1,45.1,99.9,61.6,"15,920",19.4,25%,2013
78,Heidelberg University,Germany,61.4,49,75.5,40.7,61.4,"28,881",24.5,17%,2013
79,Emory University,United States of America,56.7,44.4,90.9,38.3,61.3,"12,338",4.5,18%,2013
80,Durham University,United Kingdom,42.3,44.5,93.3,34.3,60.7,"15,489",15.7,24%,2013
81,Pierre and Marie Curie University,France,59.2,43.5,80.6,28.6,60.5,"27,862",8.7,18%,2013
83,University of Amsterdam,Netherlands,45.6,61.3,75.1,49,60.1,"24,570",14.4,11%,2013
84,University of Montreal,Canada,54,57.9,60.9,95,59.8,"38,264",20.3,25%,2013
85,University of New South Wales,Australia,52.6,63.8,56.7,50.5,59.6,"38,309",25.9,33%,2013
86,Nanyang Technological University,Singapore,45.7,66.9,54.5,99.5,59.4,"25,028",16.2,33%,2013
87,Tufts University,United States of America,52.6,36.4,94.8,39.4,59.1,"10,410",10,14%,2013
88,McMaster University,Canada,42.3,47.9,81.7,98,59,"23,823",19.3,15%,2013
89,University of Groningen,Netherlands,43.8,61,71.6,85.2,58.8,"24,556",25.6,12%,2013
89,University of Zurich,Switzerland,50,41.6,80,38.3,58.8,"26,583",6.5,19%,2013
93,Ghent University,Belgium,46.4,56.7,71.3,95.9,58.4,"32,166",34.1,9%,2013
94,Michigan State University,United States of America,51.8,56.8,73.8,32.6,58.3,"44,750",15.7,15%,2013
94,University of Notre Dame,United States of America,48.3,39.6,93.5,29.8,58.3,"11,829",13.8,10%,2013
96,"University of California, Irvine",United States of America,44,47.2,90.3,42.1,58.2,"26,614",16.1,16%,2013
97,"University of Maryland, College Park",United States of America,44.9,51.4,83.9,32.1,57.9,"31,331",8.4,9%,2013
98,University of Arizona,United States of America,47,53.7,76.9,83.9,57.7,"36,429",12.7,8%,2013
99,Monash University,Australia,47.8,60.6,60.9,70,57.5,"50,882",40.5,36%,2013
99,"Rutgers, the State University of New Jersey",United States of America,50.9,61.3,69.5,35.8,57.5,"37,032",17.3,8%,2013
102,University of Rochester,United States of America,46,37.8,92.3,39.6,57.2,"9,390",4.5,26%,2013
105,Technical University of Munich,Germany,51.2,42.4,76.5,49.7,56.8,"35,565",31.5,20%,2013
106,Uppsala University,Sweden,48.6,63.9,58.2,44.1,56.6,"25,266",18.2,12%,2013
106,Vanderbilt University,United States of America,51.5,40.9,85,53,56.6,"12,161",3.6,10%,2013
108,University of St Andrews,United Kingdom,43.2,43.8,76.6,38.9,56.5,"8,338",12.7,47%,2013
109,University of Helsinki,Finland,42.8,53,77.7,31.1,56.4,"23,505",15.1,6%,2013
110,Trinity College Dublin,Republic of Ireland,41.9,33.5,88.1,32.8,56.2,"15,521",18,25%,2013
110,University of Sheffield,United Kingdom,49.5,46.2,71,41.5,56.2,"23,311",15.5,31%,2013
110,University of Sussex,United Kingdom,34.9,39.5,91.1,32.1,56.2,"12,001",17.4,35%,2013
113,University of Cape Town,South Africa,34.7,45.5,79.7,87.3,55.8,"20,040",12.1,18%,2013
114,Eindhoven University of Technology,Netherlands,44.1,51.8,63.8,100,55.6,"8,176",16,14%,2013
115,Maastricht University,Netherlands,39.7,53.2,62.5,99.1,55.5,"15,626",18.9,48%,2013
116,Aarhus University,Denmark,35.7,54.6,71.6,69.7,55.3,"23,895",13.6,14%,2013
117,Stockholm University,Sweden,31.3,43.8,93,32,55.2,"31,715",23.7,8%,2013
118,University of Virginia,United States of America,55.9,43,73.5,48.6,55,"23,845",10.2,12%,2013
119,"Royal Holloway, University of London",United Kingdom,30.5,27.7,99,31.9,54.9,"8,747",15.9,37%,2013
120,University of Nottingham,United Kingdom,48.1,50.8,62.8,38.3,54.8,"30,144",15,27%,2013
121,University of Alberta,Canada,50.9,53.9,56.6,50.6,54.7,"36,299",21.6,23%,2013
124,Chinese University of Hong Kong,Hong Kong,53.7,63.1,45.1,44.5,54.4,"17,916",10.2,22%,2013
124,Dartmouth College,United States of America,47.5,35.9,87,38.6,54.4,"6,178",6.6,16%,2013
124,University of Warwick,United Kingdom,48.9,50.5,58.8,35.3,54.4,"18,529",16.6,37%,2013
1,California Institute of Technology,United States of America,94.4,98.2,99.8,91.2,94.9,"2,243",6.9,27%,2014
2,University of Oxford,United Kingdom,89,98.5,95.4,90.3,93.9,"19,919",11.6,34%,2014
4,Stanford University,United States of America,94.7,96.8,99.1,61.3,93.8,"15,596",7.8,22%,2014
5,Massachusetts Institute of Technology,United States of America,92.9,89,100,94.3,93,"11,074",9,33%,2014
6,Princeton University,United States of America,89.9,97.6,99.7,80.5,92.7,"7,929",8.4,27%,2014
7,University of Cambridge,United Kingdom,90.6,95.3,95.7,52.8,92.3,"18,812",11.8,34%,2014
8,"University of California, Berkeley",United States of America,83.2,97.5,99.3,59.5,89.8,"36,186",16.4,15%,2014
10,Imperial College London,United Kingdom,84.5,88.1,90,72.3,87.5,"15,060",11.7,51%,2014
11,Yale University,United States of America,89.5,90.5,93.5,38.7,87.4,"11,751",4.4,20%,2014
14,ETH Zurich – Swiss Federal Institute of Technology Zurich,Switzerland,77.6,88.2,85,78.8,84.5,"18,178",14.7,37%,2014
15,Johns Hopkins University,United States of America,75.7,85.1,95,100,83.7,"15,128",3.6,23%,2014
16,University of Pennsylvania,United States of America,79.8,81.2,95,45.2,81,"20,376",6.5,20%,2014
17,Duke University,United States of America,73.9,73,96.7,100,79.3,"15,172",4.8,17%,2014
18,University of Michigan,United States of America,70,86.2,90.8,53.5,79.2,"41,786",9,16%,2014
19,Cornell University,United States of America,72.1,83.8,90.8,35.8,79.1,"21,424",10.2,19%,2014
21,University College London,United Kingdom,70.5,77.5,84.1,46.8,77.6,"26,607",10.7,46%,2014
22,Northwestern University,United States of America,70.2,76,97.1,61.9,77.1,"18,334",13.8,15%,2014
24,Carnegie Mellon University,United States of America,63.1,77.4,93.9,52.5,76,"11,885",13.1,35%,2014
25,University of Washington,United States of America,65.6,69.2,95.6,43.1,73.4,"44,020",11.8,13%,2014
26,National University of Singapore,Singapore,68,77.8,66.4,64.3,72.4,"31,592",15.5,34%,2014
27,University of Texas at Austin,United States of America,64.7,69,91.3,59.6,72.2,"49,427",17.4,9%,2014
28,Georgia Institute of Technology,United States of America,59.4,68.6,87.9,71.3,71.6,"19,967",20.1,26%,2014
30,University of Wisconsin-Madison,United States of America,69.8,67.7,87.2,51.2,71.1,"39,655",10.8,11%,2014
31,University of British Columbia,Canada,59.9,67.9,83.7,43.1,70.8,"50,152",17.6,25%,2014
33,"University of California, Santa Barbara",United States of America,47.8,58.2,99.4,86.7,68.4,"22,020",27.3,11%,2014
34,University of Melbourne,Australia,57.1,64.2,80.2,65.1,68.2,"40,128",23.7,35%,2014
35,McGill University,Canada,61.5,68.1,74.5,40.8,68.1,"31,326",13.7,23%,2014
36,Karolinska Institute,Sweden,58.1,67.7,76,68.7,67.8,"7,774",11.5,22%,2014
37,École Polytechnique Fédérale de Lausanne,Switzerland,52.9,48.3,95.9,49.2,67.7,"9,666",10.5,54%,2014
38,King’s College London,United Kingdom,56.2,56.8,87.6,38.3,67.6,"21,394",11.4,37%,2014
39,University of Edinburgh,United Kingdom,56.6,56.9,87.6,42.5,67.5,"25,774",14.1,36%,2014
40,New York University,United States of America,65.4,58.4,87.9,29.9,67.4,"42,056",6.8,19%,2014
40,"University of California, San Diego",United States of America,52,63,96.7,48.4,67.4,"27,233",6.5,11%,2014
43,University of Hong Kong,Hong Kong,61.6,69.9,61.5,56.9,65.3,"19,835",17.6,38%,2014
47,University of North Carolina at Chapel Hill,United States of America,57.6,55.3,90.2,39.1,64.5,"26,518",7.3,8%,2014
48,Australian National University,Australia,51.8,65.1,71.2,44.8,64.4,"14,604",19.2,35%,2014
49,Pennsylvania State University,United States of America,55.3,65.9,79.4,60,64.2,"44,501",12.4,12%,2014
50,Boston University,United States of America,56.5,46.1,95.3,31.1,63.5,"24,789",8.6,17%,2014
50,Tsinghua University,China,66.8,65.9,59.9,99.9,63.5,"39,763",13.7,10%,2014
52,"University of California, Davis",United States of America,55.5,56.4,81.2,51.3,63.2,"35,364",13.9,13%,2014
55,LMU Munich,Germany,55.4,54.1,83.3,41.4,63.1,"35,691",15.5,13%,2014
56,Korea Advanced Institute of Science and Technology (KAIST),South Korea,65.6,60,67,100,62.9,"9,027",10,9%,2014
58,University of Manchester,United Kingdom,54.5,52.2,77.3,40.8,62.3,"34,938",15.3,34%,2014
59,Ohio State University,United States of America,58.3,52.9,79.4,47.7,62,"51,462",13.4,12%,2014
60,Pohang University of Science and Technology,South Korea,54.2,49,85.7,100,61.7,"3,055",10.1,4%,2014
61,KU Leuven,Belgium,48.6,59.9,72.9,99.9,61.3,"42,503",41.9,18%,2014
63,The University of Queensland,Australia,43.4,58,73.3,61,59.9,"34,718",32.7,27%,2014
63,University of Göttingen,Germany,45.1,48.8,89.6,41.2,59.9,"25,581",25.6,12%,2014
65,Rice University,United States of America,44.1,35.5,99.9,35.2,59.8,"6,333",9,26%,2014
65,École Normale Supérieure,France,54.6,37.1,87,44.7,59.8,"2,400",7.9,20%,2014
67,Leiden University,Netherlands,41.9,53.2,84.2,49.8,59.4,"21,222",17.1,10%,2014
68,Heidelberg University,Germany,57.8,44.8,76,42.1,59.2,"28,881",24.5,17%,2014
69,Delft University of Technology,Netherlands,55.8,67.3,47.2,100,59.1,"15,920",19.4,25%,2014
70,University of Southern California,United States of America,58.7,43.2,81.2,34.6,59,"36,534",12.9,20%,2014
70,École Polytechnique,France,46.3,40.5,82.3,74,59,"2,429",4.8,30%,2014
72,University of Sydney,Australia,47.4,55.4,66.6,66.3,58.8,"41,868",20.2,28%,2014
73,Erasmus University Rotterdam,Netherlands,37.8,53.3,81.2,56,58.1,"20,580",18.9,18%,2014
74,University of Basel,Switzerland,39.1,41,81.4,98.5,57.7,"12,551",17.3,24%,2014
74,Utrecht University,Netherlands,36.3,54.7,82,85.6,57.7,"30,779",15.4,7%,2014
76,Nanyang Technological University,Singapore,37.7,54.3,67.5,100,57.2,"25,028",16.2,33%,2014
77,Wageningen University and Research Center,Netherlands,43.1,44.3,74.1,100,56.8,"9,248",17,21%,2014
78,University of Pittsburgh,United States of America,48.6,45.4,84.4,39.4,56.7,"26,485",5.8,10%,2014
79,University of Bristol,United Kingdom,39.6,41.2,84.9,38,56.3,"17,906",14,25%,2014
80,Durham University,United Kingdom,38.3,38.3,88.2,35.3,56.1,"15,489",15.7,24%,2014
80,Emory University,United States of America,50.4,31.6,90.8,43.2,56.1,"12,338",4.5,18%,2014
80,Tufts University,United States of America,46.7,32.1,93.9,39.1,56.1,"10,410",10,14%,2014
83,Michigan State University,United States of America,50,49.1,71.5,32,55.9,"44,750",15.7,15%,2014
83,University of Amsterdam,Netherlands,38.3,54.1,75,50.2,55.9,"24,570",14.4,11%,2014
85,Ghent University,Belgium,41,48.9,74.9,94.6,55.5,"32,166",34.1,9%,2014
86,Free University of Berlin,Germany,43.8,58,64.8,34.4,55.3,"33,062",39.3,20%,2014
87,Technical University of Munich,Germany,48.2,35.2,80.7,50.1,55.2,"35,565",31.5,20%,2014
88,Vanderbilt University,United States of America,46.8,38.7,86.5,51,55,"12,161",3.6,10%,2014
90,University of Notre Dame,United States of America,41.2,34.7,91.8,31.2,54.7,"11,829",13.8,10%,2014
91,Monash University,Australia,42.5,48.9,65.4,67,54.6,"50,882",40.5,36%,2014
92,McMaster University,Canada,35.3,42.7,79.4,86.9,54.5,"23,823",19.3,15%,2014
93,"University of California, Irvine",United States of America,37.1,40.8,89.7,44.9,54.1,"26,614",16.1,16%,2014
95,University of Rochester,United States of America,42.8,29.9,89.7,41.4,53.6,"9,390",4.5,26%,2014
96,Pierre and Marie Curie University,France,50.2,26.7,82.3,34.4,53.5,"27,862",8.7,18%,2014
98,Maastricht University,Netherlands,33.1,47.1,65.8,98.2,52.9,"15,626",18.9,48%,2014
98,University of Groningen,Netherlands,36,48.6,71.1,87.6,52.9,"24,556",25.6,12%,2014
100,University of Helsinki,Finland,35.5,46.5,77.8,30.7,52.6,"23,505",15.1,6%,2014
102,"Royal Holloway, University of London",United Kingdom,30.4,21.2,97.5,33.1,52.5,"8,747",15.9,37%,2014
103,"Rutgers, the State University of New Jersey",United States of America,43.4,50.1,70.4,35.4,52.4,"37,032",17.3,8%,2014
103,Stockholm University,Sweden,28.6,41.4,88.7,31.5,52.4,"31,715",23.7,8%,2014
103,University of Arizona,United States of America,39.4,44.4,74.6,82.3,52.4,"36,429",12.7,8%,2014
106,Eindhoven University of Technology,Netherlands,37.3,47.9,63.6,100,52.3,"8,176",16,14%,2014
106,University of Montreal,Canada,45.7,42.9,59.3,90.9,52.3,"38,264",20.3,25%,2014
108,"University of Maryland, College Park",United States of America,39,37.2,84.4,32.1,52.2,"31,331",8.4,9%,2014
109,Chinese University of Hong Kong,Hong Kong,45.5,54.7,52.4,46.4,52,"17,916",10.2,22%,2014
109,University of Alberta,Canada,44.6,47.8,59.3,46.8,52,"36,299",21.6,23%,2014
111,Uppsala University,Sweden,38.9,49.7,66.4,40.5,51.9,"25,266",18.2,12%,2014
112,University of Sheffield,United Kingdom,40.6,38.1,72.4,42.7,51.8,"23,311",15.5,31%,2014
112,University of Virginia,United States of America,49.7,33.9,77.5,49.4,51.8,"23,845",10.2,12%,2014
114,Queen Mary University of London,United Kingdom,31,29.2,87,37.7,51.7,"14,260",14,40%,2014
114,University of New South Wales,Australia,38.8,50.1,58,52.6,51.7,"38,309",25.9,33%,2014
117,KTH Royal Institute of Technology,Sweden,45,41.6,55.6,100,51.6,"12,062",14.6,21%,2014
117,Technical University of Denmark,Denmark,38.9,26.9,78.7,98.7,51.6,"9,990",5,18%,2014
117,University of Glasgow,United Kingdom,34.5,36.6,79.2,40.8,51.6,"22,616",16,29%,2014
117,University of St Andrews,United Kingdom,36.9,32.2,77.3,40.3,51.6,"8,338",12.7,47%,2014
121,University of Sussex,United Kingdom,29.5,32.2,86.3,31.3,51.2,"12,001",17.4,35%,2014
121,University of Zurich,Switzerland,38,29.8,78.1,39.2,51.2,"26,583",6.5,19%,2014
1,California Institute of Technology,United States of America,92.2,98.1,99.7,89.1,94.3,"2,243",6.9,27%,2015
3,University of Oxford,United Kingdom,88.6,97.7,95.5,72.9,93.2,"19,919",11.6,34%,2015
4,Stanford University,United States of America,91.5,96.7,99.1,63.1,92.9,"15,596",7.8,22%,2015
5,University of Cambridge,United Kingdom,89.7,95.6,95.2,51.1,92,"18,812",11.8,34%,2015
6,Massachusetts Institute of Technology,United States of America,89.1,88.2,100,95.7,91.9,"11,074",9,33%,2015
7,Princeton University,United States of America,86.6,94.7,99.6,82.7,90.9,"7,929",8.4,27%,2015
8,"University of California, Berkeley",United States of America,84.2,96.7,99.1,44.8,89.5,"36,186",16.4,15%,2015
9,Imperial College London,United Kingdom,84.6,88.3,89.4,72.7,87.5,"15,060",11.7,51%,2015
9,Yale University,United States of America,88.5,90.8,94,42,87.5,"11,751",4.4,20%,2015
11,University of Chicago,United States of America,83.9,89.9,97.3,36.8,87.1,"14,221",6.9,21%,2015
13,ETH Zurich – Swiss Federal Institute of Technology Zurich,Switzerland,78.2,90.2,83.5,73.2,84.6,"18,178",14.7,37%,2015
15,Johns Hopkins University,United States of America,75.6,84.2,93.6,100,83,"15,128",3.6,23%,2015
16,University of Pennsylvania,United States of America,79,82,94.4,43,81,"20,376",6.5,20%,2015
17,University of Michigan,United States of America,77,86.5,88.9,55.7,80.9,"41,786",9,16%,2015
18,Duke University,United States of America,73.5,75.2,96.6,100,79.9,"15,172",4.8,17%,2015
19,Cornell University,United States of America,71.6,83.8,91.5,33.7,79.4,"21,424",10.2,19%,2015
21,Northwestern University,United States of America,72.7,78.9,96.9,77,79.2,"18,334",13.8,15%,2015
22,University College London,United Kingdom,70.4,80.4,85.1,46.2,78.7,"26,607",10.7,46%,2015
24,Carnegie Mellon University,United States of America,61.6,74.9,92,53,74.3,"11,885",13.1,35%,2015
25,National University of Singapore,Singapore,72,78.1,66,53.4,73.3,"31,592",15.5,34%,2015
26,University of Washington,United States of America,64.5,68.9,95,44.7,73.2,"44,020",11.8,13%,2015
27,Georgia Institute of Technology,United States of America,62.5,71.2,85.8,72.3,72.8,"19,967",20.1,26%,2015
28,University of Texas at Austin,United States of America,64.3,72,91.5,58.1,72.3,"49,427",17.4,9%,2015
29,LMU Munich,Germany,65.1,69.1,83,100,71.9,"35,691",15.5,13%,2015
29,University of Illinois at Urbana-Champaign,United States of America,67.7,79,77.8,51.7,71.9,"42,727",18.7,20%,2015
29,University of Wisconsin-Madison,United States of America,67.7,71.3,87.7,53.3,71.9,"39,655",10.8,11%,2015
32,University of British Columbia,Canada,60.5,69,85.3,40.1,71.8,"50,152",17.6,25%,2015
33,University of Melbourne,Australia,60.4,70.9,80.6,61.2,71.2,"40,128",23.7,35%,2015
34,École Polytechnique Fédérale de Lausanne,Switzerland,54.7,56.9,95,61.9,70.9,"9,666",10.5,54%,2015
36,University of Edinburgh,United Kingdom,58.9,62.9,88.3,41.2,70.4,"25,774",14.1,36%,2015
37,"University of California, Santa Barbara",United States of America,49.4,61.4,99.2,87.1,70,"22,020",27.3,11%,2015
38,New York University,United States of America,68.3,62.4,89.5,30.2,69.9,"42,056",6.8,19%,2015
39,McGill University,Canada,63.3,69.9,76,38.6,69.6,"31,326",13.7,23%,2015
40,King’s College London,United Kingdom,55.6,62.3,88.3,39,69.4,"21,394",11.4,37%,2015
41,"University of California, San Diego",United States of America,52,66.6,96.4,54.2,68.6,"27,233",6.5,11%,2015
43,University of Hong Kong,Hong Kong,62.1,72.6,65.1,56,67.5,"19,835",17.6,38%,2015
44,Karolinska Institute,Sweden,57.1,68,76.8,65.5,66.8,"7,774",11.5,22%,2015
45,Australian National University,Australia,53.7,70.9,71.1,38.9,66.5,"14,604",19.2,35%,2015
46,University of North Carolina at Chapel Hill,United States of America,57.9,58.6,91,40.5,65.9,"26,518",7.3,8%,2015
49,Tsinghua University,China,64.1,68.3,65,99.7,65.1,"39,763",13.7,10%,2015
52,Korea Advanced Institute of Science and Technology (KAIST),South Korea,63.5,63.2,71.4,100,64.5,"9,027",10,9%,2015
52,University of Manchester,United Kingdom,58.1,58.7,74.3,39.4,64.5,"34,938",15.3,34%,2015
55,KU Leuven,Belgium,53,63.6,71.8,99.9,63.7,"42,503",41.9,18%,2015
55,"University of California, Davis",United States of America,54.4,59.7,80.4,55.4,63.7,"35,364",13.9,13%,2015
57,Boston University,United States of America,56.4,46.7,94.4,30.3,63.6,"24,789",8.6,17%,2015
58,Pennsylvania State University,United States of America,54.6,64.8,76,60.4,62.9,"44,501",12.4,12%,2015
60,University of Sydney,Australia,52.8,60.8,69,67.3,62.7,"41,868",20.2,28%,2015
61,Nanyang Technological University,Singapore,43.9,55.9,75.9,100,62.2,"25,028",16.2,33%,2015
61,École Polytechnique,France,50.5,47.1,79.9,76.8,62.2,"2,429",4.8,30%,2015
63,Scuola Normale Superiore di Pisa,Italy,48.2,46,96.4,40.1,61.9,462,16.5,5%,2015
64,Leiden University,Netherlands,45,58.2,82.3,47.3,61.3,"21,222",17.1,10%,2015
65,The University of Queensland,Australia,45.8,58.4,74.2,66.2,61.2,"34,718",32.7,27%,2015
66,Pohang University of Science and Technology,South Korea,52.7,49.3,84.4,100,61.1,"3,055",10.1,4%,2015
67,University of Göttingen,Germany,46.9,48,92.3,32.8,61,"25,581",25.6,12%,2015
68,Ohio State University,United States of America,54,51.1,80.4,46.8,60.7,"51,462",13.4,12%,2015
69,Rice University,United States of America,41.7,37.1,99.9,34.6,59.8,"6,333",9,26%,2015
70,Heidelberg University,Germany,52.6,45.4,81.4,41.6,59.6,"28,881",24.5,17%,2015
71,Delft University of Technology,Netherlands,55.5,71.4,42.6,100,59.2,"15,920",19.4,25%,2015
72,Erasmus University Rotterdam,Netherlands,39.8,53.7,82.3,54.4,59.1,"20,580",18.9,18%,2015
73,Wageningen University and Research Center,Netherlands,44.3,46.8,77.5,100,59,"9,248",17,21%,2015
74,University of Bristol,United Kingdom,43.7,44.7,85.1,42.1,58.9,"17,906",14,25%,2015
75,University of Basel,Switzerland,41.2,41.1,81.4,97.7,58.4,"12,551",17.3,24%,2015
75,University of Southern California,United States of America,55.2,44.6,81.3,34.4,58.4,"36,534",12.9,20%,2015
77,University of Amsterdam,Netherlands,42,55.4,76.6,56.7,58.2,"24,570",14.4,11%,2015
78,École Normale Supérieure,France,48.7,36.2,84.8,39.4,58.1,"2,400",7.9,20%,2015
79,Utrecht University,Netherlands,38.2,54.8,80,84.1,58,"30,779",15.4,7%,2015
81,Free University of Berlin,Germany,49.4,58,67.6,33.5,57.6,"33,062",39.3,20%,2015
82,Michigan State University,United States of America,51.1,49.4,74,31.7,57.3,"44,750",15.7,15%,2015
83,Durham University,United Kingdom,37.2,40.7,88.9,34.8,56.9,"15,489",15.7,24%,2015
83,Monash University,Australia,43.7,54.4,65.7,73.4,56.9,"50,882",40.5,36%,2015
85,Middle East Technical University,Turkey,45.5,36.9,92,55.2,56.6,"25,779",22.2,7%,2015
86,University of Arizona,United States of America,44.9,51.4,74,99.6,56.5,"36,429",12.7,8%,2015
88,Tufts University,United States of America,43.6,33.9,92.9,58.7,56.4,"10,410",10,14%,2015
88,"University of California, Irvine",United States of America,39.5,41.7,89.5,40,56.4,"26,614",16.1,16%,2015
90,Ghent University,Belgium,42.5,51.6,73.8,85.3,56.2,"32,166",34.1,9%,2015
91,University of Massachusetts,United States of America,44.8,49.1,78.7,52.8,56.1,"56,959",13,11%,2015
91,University of Pittsburgh,United States of America,45.2,46.3,84.4,38.5,56.1,"26,485",5.8,10%,2015
93,Emory University,United States of America,49,32.4,89.5,42.3,55.5,"12,338",4.5,18%,2015
94,McMaster University,Canada,38.1,43.2,78.8,85,55.3,"23,823",19.3,15%,2015
94,University of Glasgow,United Kingdom,37,40.5,83.7,39.9,55.3,"22,616",16,29%,2015
96,Vanderbilt University,United States of America,46,38.2,87.7,59.4,55.2,"12,161",3.6,10%,2015
98,Stockholm University,Sweden,30.1,45,90.9,32.4,54.6,"31,715",23.7,8%,2015
98,Technical University of Munich,Germany,45.6,37.4,78.8,49,54.6,"35,565",31.5,20%,2015
98,Uppsala University,Sweden,40.2,53,70.9,39.6,54.6,"25,266",18.2,12%,2015
101,Maastricht University,Netherlands,32.4,48.1,70.1,96.1,54.3,"15,626",18.9,48%,2015
103,Pierre and Marie Curie University,France,47.3,30,83.3,33.4,53.9,"27,862",8.7,18%,2015
103,University of Helsinki,Finland,37.5,48.1,79,31.5,53.9,"23,505",15.1,6%,2015
103,University of Warwick,United Kingdom,41.1,45.8,68.2,35.6,53.9,"18,529",16.6,37%,2015
103,University of Zurich,Switzerland,40.2,33.1,81.4,40.1,53.9,"26,583",6.5,19%,2015
107,Queen Mary University of London,United Kingdom,32.4,32.9,88.9,37.1,53.8,"14,260",14,40%,2015
107,University of Geneva,Switzerland,34.5,37.2,78.2,65.1,53.8,"15,668",15,39%,2015
109,"University of California, Santa Cruz",United States of America,30.6,31.9,100,33.8,53.7,"17,404",22.7,1%,2015
109,University of New South Wales,Australia,41.1,51.9,61.1,47.8,53.7,"38,309",25.9,33%,2015
111,University of St Andrews,United Kingdom,35.7,35.9,81.4,39.8,53.6,"8,338",12.7,47%,2015
111,University of Sussex,United Kingdom,31.9,30.4,92.8,31.2,53.6,"12,001",17.4,35%,2015
113,University of Montreal,Canada,43.8,44.4,62.9,91.8,53.4,"38,264",20.3,25%,2015
113,University of Tübingen,Germany,41.5,44.7,74,54.7,53.4,"28,327",38.9,12%,2015
117,University of Groningen,Netherlands,36.9,50.8,68.1,88.9,53.1,"24,556",25.6,12%,2015
118,"Royal Holloway, University of London",United Kingdom,29.1,22.4,98.9,32.8,53,"8,747",15.9,37%,2015
121,Technical University of Denmark,Denmark,39.9,28.2,79.6,98.6,52.7,"9,990",5,18%,2015
121,University of Rochester,United States of America,41.9,29.2,87.7,36.4,52.7,"9,390",4.5,26%,2015
1,California Institute of Technology,United States of America,95.6,97.6,99.8,97.8,95.2,"2,243",6.9,27%,2016
2,University of Oxford,United Kingdom,86.5,98.9,98.8,73.1,94.2,"19,919",11.6,34%,2016
3,Stanford University,United States of America,92.5,96.2,99.9,63.3,93.9,"15,596",7.8,22%,2016
4,University of Cambridge,United Kingdom,88.2,96.7,97,55,92.8,"18,812",11.8,34%,2016
5,Massachusetts Institute of Technology,United States of America,89.4,88.6,99.7,95.4,92,"11,074",9,33%,2016
7,Princeton University,United States of America,85.1,91.9,99.3,52.1,90.1,"7,929",8.4,27%,2016
8,Imperial College London,United Kingdom,83.3,88.5,96.7,53.7,89.1,"15,060",11.7,51%,2016
9,ETH Zurich – Swiss Federal Institute of Technology Zurich,Switzerland,77,95,91.1,80,88.3,"18,178",14.7,37%,2016
10,University of Chicago,United States of America,85.7,88.9,99.2,36.6,87.9,"14,221",6.9,21%,2016
11,Johns Hopkins University,United States of America,77.6,90.4,98.2,100,87.6,"15,128",3.6,23%,2016
12,Yale University,United States of America,86.5,87.8,97.2,43.3,87.4,"11,751",4.4,20%,2016
13,"University of California, Berkeley",United States of America,80.4,91.1,99.7,47.9,87.2,"36,186",16.4,15%,2016
14,University College London,United Kingdom,78.1,91,94.2,40.5,87.1,"26,607",10.7,46%,2016
16,"University of California, Los Angeles",United States of America,80.8,88.6,98.5,47.9,85.8,"38,206",10.3,15%,2016
17,University of Pennsylvania,United States of America,82,86.9,98.6,47.9,85.2,"20,376",6.5,20%,2016
18,Cornell University,United States of America,77.9,86.1,97.2,33.7,84,"21,424",10.2,19%,2016
20,Duke University,United States of America,76,78,99,100,82.7,"15,172",4.8,17%,2016
21,University of Michigan,United States of America,76.8,85.2,94.4,56.3,82.4,"41,786",9,16%,2016
22,Carnegie Mellon University,United States of America,67.4,88.8,99.1,57.5,82.3,"11,885",13.1,35%,2016
24,University of Edinburgh,United Kingdom,68.6,77.2,96.3,36.1,80.3,"25,774",14.1,36%,2016
25,Northwestern University,United States of America,69.8,78.4,96.5,81.2,79.5,"18,334",13.8,15%,2016
26,National University of Singapore,Singapore,71.7,84.5,79.4,49.8,79.2,"31,592",15.5,34%,2016
27,King’s College London,United Kingdom,64.5,75.8,93.8,40.1,78.2,"21,394",11.4,37%,2016
28,Karolinska Institute,Sweden,60.6,81.1,92.2,75.8,77.5,"7,774",11.5,22%,2016
29,LMU Munich,Germany,70.5,77.4,85.7,100,77.3,"35,691",15.5,13%,2016
30,New York University,United States of America,74.7,72.3,95.3,30.4,77.2,"42,056",6.8,19%,2016
31,École Polytechnique Fédérale de Lausanne,Switzerland,61.3,67.5,94.6,65.4,76.1,"9,666",10.5,54%,2016
32,University of Washington,United States of America,67.1,70,98.6,43.1,75.6,"44,020",11.8,13%,2016
33,University of Melbourne,Australia,62,75.5,86.6,64.6,75.4,"40,128",23.7,35%,2016
34,University of British Columbia,Canada,60.2,73.2,91.5,42.6,75.3,"50,152",17.6,25%,2016
35,KU Leuven,Belgium,59.9,76.9,87.3,100,74.8,"42,503",41.9,18%,2016
36,University of Illinois at Urbana-Champaign,United States of America,64.5,81.2,86.8,52.8,74.5,"42,727",18.7,20%,2016
37,Heidelberg University,Germany,68.8,69.6,88.2,68.2,74.4,"28,881",24.5,17%,2016
38,McGill University,Canada,66.1,72.1,78.9,40.3,72.6,"31,326",13.7,23%,2016
39,"University of California, San Diego",United States of America,56.9,69.8,98.7,56.7,72.2,"27,233",6.5,11%,2016
39,"University of California, Santa Barbara",United States of America,52.6,66,99.2,90.4,72.2,"22,020",27.3,11%,2016
41,Georgia Institute of Technology,United States of America,57.8,72.7,86,73.7,72.1,"19,967",20.1,26%,2016
44,"University of California, Davis",United States of America,60.1,72.7,84.3,57.3,71,"35,364",13.9,13%,2016
44,University of Hong Kong,Hong Kong,64.6,72.8,70.1,53.7,71,"19,835",17.6,38%,2016
46,University of Texas at Austin,United States of America,59.3,69.7,92.2,63.1,70.3,"49,427",17.4,9%,2016
47,Tsinghua University,China,73.3,83,58.8,100,70,"39,763",13.7,10%,2016
47,Wageningen University and Research Center,Netherlands,52.6,66.9,87.8,100,70,"9,248",17,21%,2016
50,University of Wisconsin-Madison,United States of America,65.1,68.2,86.6,48.5,69.7,"39,655",10.8,11%,2016
52,Australian National University,Australia,54.7,77.3,72.3,48,69.5,"14,604",19.2,35%,2016
53,Technical University of Munich,Germany,61,66,80.1,99.2,69.4,"35,565",31.5,20%,2016
54,École Normale Supérieure,France,70.6,47.7,87.1,37.1,69,"2,400",7.9,20%,2016
55,Nanyang Technological University,Singapore,48.4,61.3,85.6,99.9,68.2,"25,028",16.2,33%,2016
56,University of Manchester,United Kingdom,58.4,66,77.3,42,68.1,"34,938",15.3,34%,2016
56,University of Sydney,Australia,54.3,68.1,77.5,72.4,68.1,"41,868",20.2,28%,2016
58,University of Amsterdam,Netherlands,52.2,64.7,87.4,62.8,67.8,"24,570",14.4,11%,2016
60,The University of Queensland,Australia,49.2,62.8,82.4,76.7,67,"34,718",32.7,27%,2016
62,Utrecht University,Netherlands,48.1,64.3,88.1,89.1,66.6,"30,779",15.4,7%,2016
63,University of North Carolina at Chapel Hill,United States of America,58,54.5,95.9,39.4,66.4,"26,518",7.3,8%,2016
64,Boston University,United States of America,57.8,49.5,97.7,30.3,66.1,"24,789",8.6,17%,2016
65,Delft University of Technology,Netherlands,55,73.8,61.5,100,65.9,"15,920",19.4,25%,2016
65,University of Minnesota,United States of America,53.5,61,88,98.5,65.9,"46,825",18,13%,2016
67,Leiden University,Netherlands,50.5,63.1,85.2,49.8,65.7,"21,222",17.1,10%,2016
68,University of Southern California,United States of America,49.3,58.9,93,38,65.5,"36,534",12.9,20%,2016
69,University of Bristol,United Kingdom,47.6,51.6,91.2,40,64.3,"17,906",14,25%,2016
70,Durham University,United Kingdom,47.9,51.9,87.7,34.4,63.6,"15,489",15.7,24%,2016
71,Erasmus University Rotterdam,Netherlands,37.2,55.2,95.6,54.6,63.5,"20,580",18.9,18%,2016
72,Free University of Berlin,Germany,57.9,72.2,60.2,35.1,63.2,"33,062",39.3,20%,2016
73,Monash University,Australia,48.1,58.5,73.3,79.7,62.5,"50,882",40.5,36%,2016
74,University of Groningen,Netherlands,43.3,56.9,84,92.4,62.4,"24,556",25.6,12%,2016
75,Pennsylvania State University,United States of America,50.4,61.9,80.5,56.2,62.3,"44,501",12.4,12%,2016
76,University of Glasgow,United Kingdom,41.6,48.3,92.3,31.6,61.9,"22,616",16,29%,2016
76,University of Helsinki,Finland,48.4,60.4,82.1,31.6,61.9,"23,505",15.1,6%,2016
78,University of Tübingen,Germany,47,59.8,79.3,59.2,61.7,"28,327",38.9,12%,2016
79,University of Pittsburgh,United States of America,50.6,50.3,92.3,39.3,61.5,"26,485",5.8,10%,2016
80,University of Warwick,United Kingdom,47.4,53.1,78.2,37.7,61.3,"18,529",16.6,37%,2016
81,Uppsala University,Sweden,44.1,61,80.9,39.5,61.2,"25,266",18.2,12%,2016
82,University of Copenhagen,Denmark,49.8,42.7,86.2,45,61,"27,545",4.1,19%,2016
82,University of New South Wales,Australia,40.7,53.9,82.1,50,61,"38,309",25.9,33%,2016
84,University of Freiburg,Germany,47.4,51.1,80.5,100,60.7,"26,467",31.2,16%,2016
86,University of St Andrews,United Kingdom,49.7,47.3,78.8,30.6,60.4,"8,338",12.7,47%,2016
87,Vanderbilt University,United States of America,47.8,44.2,95.7,63.2,60.1,"12,161",3.6,10%,2016
88,Maastricht University,Netherlands,37.5,47.7,82.7,95.4,59.9,"15,626",18.9,48%,2016
90,Emory University,United States of America,48.3,37.1,96.7,48.9,59.7,"12,338",4.5,18%,2016
90,Ohio State University,United States of America,51.6,46.6,83.2,53.1,59.7,"51,462",13.4,12%,2016
93,University of Exeter,United Kingdom,39.4,40,94.3,31.9,59.5,"17,755",18.8,28%,2016
94,Georgetown University,United States of America,54.4,39.3,82.5,80.7,58.8,"15,408",8.5,14%,2016
94,McMaster University,Canada,39.8,44.8,84.9,88,58.8,"23,823",19.3,15%,2016
97,University of Sheffield,United Kingdom,42.4,48.8,80.1,43.4,58.6,"23,311",15.5,31%,2016
98,Queen Mary University of London,United Kingdom,34.1,41.3,93.3,36.8,58.5,"14,260",14,40%,2016
99,University of Göttingen,Germany,49.3,54.5,72.7,31.8,58,"25,581",25.6,12%,2016
99,Michigan State University,United States of America,47.3,52.6,76.8,32.2,58,"44,750",15.7,15%,2016
101,University of Basel,Switzerland,39.5,33.1,88.3,99.9,57.9,"12,551",17.3,24%,2016
101,École Polytechnique,France,53.5,44.6,64.7,82.3,57.9,"2,429",4.8,30%,2016
101,Rice University,United States of America,37.9,35.1,99.7,41.7,57.9,"6,333",9,26%,2016
104,Dartmouth College,United States of America,50.7,35.8,93.3,40.8,57.8,"6,178",6.6,16%,2016
104,University of Zurich,Switzerland,49.5,31.5,85.4,44,57.8,"26,583",6.5,19%,2016
106,Aarhus University,Denmark,36.9,50.7,79.8,68.3,57.7,"23,895",13.6,14%,2016
106,"University of California, Irvine",United States of America,39.9,41.8,91.6,48.9,57.7,"26,614",16.1,16%,2016
106,University of Mannheim,Germany,34.5,47.7,86.9,85.3,57.7,"11,761",85.8,15%,2016
108,University of Notre Dame,United States of America,47.6,48.1,81.7,33.7,57.6,"11,829",13.8,10%,2016
109,University of Western Australia,Australia,33.4,46.1,83.6,64.5,57.5,"20,851",20.7,27%,2016
110,RWTH Aachen University,Germany,49.4,56.3,63.2,98.1,57.2,"37,917",27.6,16%,2016
110,University of Southampton,United Kingdom,39.8,43.6,82,37.5,57.2,"20,925",13.5,29%,2016
112,Scuola Normale Superiore di Pisa,Italy,54.2,53.1,67.2,52,57.1,462,16.5,5%,2016
113,University of Montreal,Canada,46.3,45.5,69.6,92.6,57,"38,264",20.3,25%,2016
113,Pierre and Marie Curie University,France,52.8,32.7,82.9,37.4,57,"27,862",8.7,18%,2016
